subreddit,title
AmongUsCompetitive,COPS vs ROBBERS *minigame* (Among us) Part 7
AmongUsCompetitive,Cops VS Robbers (Among Us) No Commentary Part 2
AmongUsCompetitive,CAUGHT THE IMPOSTOR IN MR BEAST TIKTOK VIDEO (AMONG US) PART 7
AmongUsCompetitive,Among Us : The crew has no face to go out without wearing anything on their heads üòç
AmongUsCompetitive,Among us Zombie Highlights Part 9
AmongUsCompetitive,NEW SLENDERMAN *MINIGAME* AMONG US Part 8
AmongUsCompetitive,amomg us special. no killing allowed
AmongUsCompetitive,Top 50 Tips &amp; Tricks in Among Us Compilation
AmongUsCompetitive,"Why am I unable to play Among Us? For days, the indie title hasn't worked"
AmongUsCompetitive,CAUGHT THE IMPOSTOR IN MR BEAST TIKTOK VIDEO (AMONG US) PART 5
AmongUsCompetitive,Some ward spots i discovered while going around Freeplay in Skeld
AmongUsCompetitive,COPS vs ROBBERS *minigame* (Among us) Part 6
AmongUsCompetitive,this a glich!
AmongUsCompetitive,CAUGHT THE IMPOSTOR IN MR BEAST TIKTOK VIDEO (AMONG US) PART 4
AmongUsCompetitive,Among Us
AmongUsCompetitive,Among us Arena Broken moves
AmongUsCompetitive,Among Us Mini Crewmate Mukbang Pt 2
AmongUsCompetitive,Electrical: Go fast
AmongUsCompetitive,Among Us Mini Crewmate Mukbang Pt 1
AmongUsCompetitive,Among us Hide and Seek Highlights Part 21 #amongus #amongusvideos #hideandseek
AmongUsCompetitive,"I'm Ahki, the 'Hitman of Mira HQ'. I mostly play on Mira HQ; I've played a little over eighteen thousand games of Among Us(Nolifed it lmao). Here are the two techniques that give me constant wins."
AmongUsCompetitive,Hey! Gives r/AmongUsCompetitive a shoutout!!
AmongUsCompetitive,Hey! Gives among us comp community a shoutout :)
AmongUsCompetitive,CAUGHT THE IMPOSTOR IN MR BEAST TIKTOK VIDEO (AMONG US) PART 3
AmongUsCompetitive,TASK MONSTER imposter in Among Us - YouTube
AmongUsCompetitive,THE INVINSIBLE IMPOSTOR (AMONG US) PART 1
AmongUsCompetitive,How do I get away with a nav kill?
AmongUsCompetitive,CAUGHT THE IMPOSTOR IN PEWDIEPIE TIKTOK VIDEO (AMONG US) PART 2
AmongUsCompetitive,NEW SLENDERMAN *MINIGAME* AMONG US Part 7
AmongUsCompetitive,CAUGHT THE IMPOSTOR IN MR BEAST TIKTOK VIDEO (AMONG US) PART 2
AmongUsCompetitive,Among us Zombie Highlights Part 8
AmongUsCompetitive,HOW SUS ARE YOU???!??!?!??!??!???!?!???!?!??!?
AmongUsCompetitive,CAUGHT THE IMPOSTOR IN MR BEAST TIKTOK VIDEO (AMONG US) PART 1
AmongUsCompetitive,We're Playing Among Us Live
AmongUsCompetitive,Among us Hide and Seek Highlights Part 20
AmongUsCompetitive,Polus Chart Course
AmongUsCompetitive,Among us Zombie Highlights Part 7
AmongUsCompetitive,Can more than 3 people have same task in 10+ people lobby?
AmongUsCompetitive,NEW SLENDERMAN *MINIGAME* AMONG US Part 5
AmongUsCompetitive,anyone play this game? hihi
AmongUsCompetitive,you are all dumb
AmongUsCompetitive,COPS vs ROBBERS *minigame* (Among us) Part 6
AmongUsCompetitive,Among us Hide and Seek Highlights Part 19
AmongUsCompetitive,Admin flash removed?
AmongUsCompetitive,"Hey all, we made it with clay. !!!"
AmongUsCompetitive,Among us Zombie Highlights Part 6
AmongUsCompetitive,among us clay.
AmongUsCompetitive,NEW SLENDERMAN *MINIGAME* AMONG US Part 5
AmongUsCompetitive,among us watching tv
AmongUsCompetitive,among us clay ok
AmongUsCompetitive,Yes among us funny hope you like it
AmongUsCompetitive,COPS vs ROBBERS *minigame* (Among us) Part 5
AmongUsCompetitive,Sussy Sus Kill
AmongUsCompetitive,Nobody ever trusts me... lol
AmongUsCompetitive,Among us Hide and Seek Highlights Part 17
AmongUsCompetitive,Among us Hide and seek No Commentary Part 4
AmongUsCompetitive,Detective role lagging game. Any fixes?
AmongUsCompetitive,5 Kills in 1 Min Imposter Winüî•
AmongUsCompetitive,Among Us Art
AmongUsCompetitive,Where can I find servers with active no mic lobbies?
AmongUsCompetitive,Anybody know discord servers with active no mic LFGS?
AmongUsCompetitive,Where did The Zombie went? (Among Us)
AmongUsCompetitive,Yes the funniest meme of among us
AmongUsCompetitive,Among drip
AmongUsCompetitive,When u screw up trying to be good üòÖüòÇ
AmongUsCompetitive,Impostor Among Us
AmongUsCompetitive,Slenderman Impostor Kills Everyone
AmongUsCompetitive,among us is real life
AmongUsCompetitive,Among us Cops And Robbers Highlights Part 5
AmongUsCompetitive,Among us But its Dad Jokes
AmongUsCompetitive,Here is a good trick to becoming invisible in Among Us. Pretty useful when you are the impostor.
AmongUsCompetitive,Amogus
AmongUsCompetitive,Let's go
AmongUsCompetitive,Hide and seek
AmongUsCompetitive,Among us zombie Mod Part 5
AmongUsCompetitive,"live stream with Terry, check it out!"
AmongUsCompetitive,Among us slenderman
AmongUsCompetitive,50/50 vs gaslighting
AmongUsCompetitive,Among Us Funny Moments - The Greatest Big Brain Round Ever!!
AmongUsCompetitive,Among us Joke Time Part 3
AmongUsCompetitive,When you find the Impostor in Among Us... (Funny)
AmongUsCompetitive,DC when reporting in cockpit (Airship)
AmongUsCompetitive,Join pls
AmongUsCompetitive,Hide and seek among us
AmongUsCompetitive,Amongus cops and robbers pt 5
AmongUsCompetitive,Among us Slenderman part 3
AmongUsCompetitive,I found this Among Us Quiz on Google and thought it would belong here...I got 8/10 points :)
AmongUsCompetitive,Among us cops and robbers part 3
AmongUsCompetitive,among us
AmongUsCompetitive,Let's chat in Speakrandom!
AmongUsCompetitive,Among us joke time #3
AmongUsCompetitive,Among us hide and seek
AmongUsCompetitive,Among us zombie mod part 3
AmongUsCompetitive,Whats ur favorite town of us among us mod role
AmongUsCompetitive,Favorite modded map
AmongUsCompetitive,"Just got back into among us after a year, what are some tips I should know?"
AmongUsCompetitive,"Just got back into among us after a year, what are some tips I should know?"
AmongUsCompetitive,Among us slenderman part 2
AmongUsCompetitive,Someone pls help!!! I was banned in a game while trying to beat a speedrun but I got mad and called someone tons of various slurs. How do I get unbanned?
AmongUsCompetitive,TRY NOT TO PRESS THE RED BUTON COMPETITIKN
AmongUsCompetitive,Do you guys use notes while playing?
AmongUsCompetitive,Should I kill me among us figure?
AmongUsCompetitive,Among us cops and robbers part 2
AmongUsCompetitive,Among us Joke time part 2
AmongUsCompetitive,Among Us HD Jester 15 Players (Part 3) #shorts
AmongUsCompetitive,Mogus bunny competition
AmongUsCompetitive,Among us Hide and Seek highlights
AmongUsCompetitive,5up's map: Complete!
AmongUsCompetitive,Among us slenderman gameplay part 1
AmongUsCompetitive,Among us Zombie game highlights
AmongUsCompetitive,Advance AmongUs Tips.
AmongUsCompetitive,Among us zombie MOD gameplay
AmongUsCompetitive,FULL BREAKDOWN OF SUBMERGED TASKS (Tips and Tricks)
AmongUsCompetitive,Among us cops and robbers part 1
AmongUsCompetitive,I'm leaving as mod
AmongUsCompetitive,Impostor Master VS Among Us game review
AmongUsCompetitive,Among us hide and seek
AmongUsCompetitive,Evolution of Among Us 2017 - 2021
AmongUsCompetitive,You like dead animation?
AmongUsCompetitive,SUS
AmongUsCompetitive,My first game
AmongUsCompetitive,"When you‚Äôre Lovers, it‚Äôs the best time to ‚ÄúBait‚Äù the Assassin. What‚Äôs your favourite ‚ÄúAssassin Bait‚Äù?"
AmongUsCompetitive,What‚Äôs your Favourite ‚ÄúAssassin Bait?‚Äù
AmongUsCompetitive,"Cyan + bullseye is an interesting attire, change my mind!"
AmongUsCompetitive,Sus
AmongUsCompetitive,Among us Skeld Joke time
AmongUsCompetitive,"Have you been able to use the ""Clean Vents"" task effectively?"
AmongUsCompetitive,Among us Joke time | Memes
AmongUsCompetitive,When You Should RAT Your Teammate
AmongUsCompetitive,Crewmate Advice: Don't vote on sus alone when the Jester role is turned on. Jester Advice: Accuse the Mayor
AmongUsCompetitive,Among us Hide and Seek Guide
AmongUsCompetitive,Most funny among us moments
AmongUsCompetitive,New Among Us skins?
AmongUsCompetitive,Among us hide and seek
AmongUsCompetitive,AMoNG Us CHATTING WHATS UP LATE NIGHT
AmongUsCompetitive,Bridge Worm in Among Us made from polymer clay sculpture / How to sculpt...
AmongUsCompetitive,All Monsters in Among Us made from polymer clay sculpture / How to sculp...
AmongUsCompetitive,Who's the best Imposter....Among Us w/Friends | Greywolf's Den
AmongUsCompetitive,Among us Hide Gameplay
AmongUsCompetitive,ADVICE: Crewmate on Final 4 with 2 Lovers - Why you should ALWAYS SKIP as the Crewmate (see 15:30 timestamp)
AmongUsCompetitive,Are there barely any public lobbies anymore?
AmongUsCompetitive,Ever won by doing absolutely nothing? I feel the Jester role can often end games with just random luck.
AmongUsCompetitive,What u guys think
AmongUsCompetitive,BEST AMONG US HACK + ALWAYS IMPOSTOR PC NO BAN UNDETECTED 09/07/2021 + TUTORIAL
AmongUsCompetitive,Check this Video out!!!!!
AmongUsCompetitive,Town Of Us assassin role basic advice
AmongUsCompetitive,imposter became even sussier
AmongUsCompetitive,New among us colors
AmongUsCompetitive,Among us hide seek
AmongUsCompetitive,Check this videooo is fantastic!!
AmongUsCompetitive,Sus reddit
AmongUsCompetitive,Among us event skin
AmongUsCompetitive,AMONG US HIDE AND SEEK
AmongUsCompetitive,Among Us bad timing.
AmongUsCompetitive,Among us New task: Cleaning vent
AmongUsCompetitive,You can do storage wires through this door (Skeld)
AmongUsCompetitive,Yes
AmongUsCompetitive,Now that the hype has died down a little... Which do you prefer?
AmongUsCompetitive,Steve‚Äôs Sheriff at the start of the Game on 5up - Is His Reasoning Sound?
AmongUsCompetitive,Cool trick for catching Imps in Skeld (details in comments)
AmongUsCompetitive,Don‚Äôt tell me y‚Äôall can‚Äôt relate!
AmongUsCompetitive,Among us hide and seek
AmongUsCompetitive,"Public Apology - He! Now I was in a few amount us games and maybe said some n=words here and here. I sorry for doing. Also I did was blame someone to be the impasta while I‚Äôm was the sus imposter. I will now delete amount is and become a fortnite pro? What, does, also competitive, mean,"
AmongUsCompetitive,What to do when your meta sused for being to good?
AmongUsCompetitive,Controversial Among Us Tactic
AmongUsCompetitive,this has to be a joke subreddit change my mind
AmongUsCompetitive,I really like how the TownOfUs Assassin role changes up the game. I wonder how the official roles will compare.
AmongUsCompetitive,sus
AmongUsCompetitive,sus
AmongUsCompetitive,5up's Map - Speculations
AmongUsCompetitive,5up's custom map Analysis (Or at least an attempt)
AmongUsCompetitive,pacman and among us!!!! so funny üòÄüòÄ
AmongUsCompetitive,5up's New Map - Full Deep Dive Analysis (And where to access it as the Public!)
AmongUsCompetitive,WTF HAPPENED!!!!??
AmongUsCompetitive,"5up's New Map - Initial Impressions and Reactions (Trailer Released, Full Map out 25th June 2021)"
AmongUsCompetitive,I HATE THIS!!!!
AmongUsCompetitive,Gaming?????
AmongUsCompetitive,Diferent kinds of amogus
AmongUsCompetitive,HOW MANY KILLS DO YOU GET IN AN AVERAGE GAME OF AU WITH 2 OR 3 IMPOSTORS?
AmongUsCompetitive,What is your average kill number in an average public lobby you join?
AmongUsCompetitive,Just want to share these maps here.
AmongUsCompetitive,Just want to share these maps here.
AmongUsCompetitive,"Among Us Maps (Skeld, Mira HQ, Polus, Airship)"
AmongUsCompetitive,My first time playing... Competitively
AmongUsCompetitive,What map is easier for impostors - Mira HQ or the Airship?
AmongUsCompetitive,BEST NEW AMONG US COLOR?
AmongUsCompetitive,Among Us Impasta
AmongUsCompetitive,Among us Free | Hide and Seek | No Commentary Part 1
AmongUsCompetitive,What impostors say when you catch them venting...
AmongUsCompetitive,meme
AmongUsCompetitive,BEST AMONG US MAP?
AmongUsCompetitive,"IS AMONG US UNDERRATED, OVERRATED, OR ACCURATELY RATED?"
AmongUsCompetitive,There is a Covid virus in Among Us.
AmongUsCompetitive,Among us Hide and Seek | Funny Memes
AmongUsCompetitive,Why vote when there are 10 players alive with 3 impostors and skip with 11 players alive: The Diagram Edition!
AmongUsCompetitive,Made a spreadsheet summarizing when to vote based on how many players are alive
AmongUsCompetitive,among us red sus
AmongUsCompetitive,What task is most sus
AmongUsCompetitive,Among us group...
AmongUsCompetitive,Among Us New 2021 Update Official Release Date Confirmed | News
AmongUsCompetitive,among us competetive site
AmongUsCompetitive,Among us Hide and Seek Highlights Part 11 #shorts
AmongUsCompetitive,Among us airship 5
AmongUsCompetitive,Are tasks really worth doing in Among Us?
AmongUsCompetitive,Let's give our hopes and wishlists for the upcoming new map (and roles too!)
AmongUsCompetitive,/need help
AmongUsCompetitive,https://7r6.com/rNhO2zh https://7r6.com/EU2Gqzx https://7r6.com/70gEBtI https://7r6.com/PY8mCF
AmongUsCompetitive,"NEW AMONG US UPDATE! (June 2021 Breakdown of New Colours, Roles and Map!)"
AmongUsCompetitive,"I'm curious what your impostor winrate in Among Us ""2021"" is."
AmongUsCompetitive,I cannot sign in.
AmongUsCompetitive,Impostor in Among Us Live Very COOOLL!
AmongUsCompetitive,Among us Hide and Seek Highlights Part 9 #shorts
AmongUsCompetitive,My artistic skills with play-doh
AmongUsCompetitive,Host can see Lovers Chat when meeting starts. What other ‚ÄúHost Advantage‚Äù bugs do you know of?
AmongUsCompetitive,Do You Find Impostors are more likely to ask ‚ÄúOh wait... what if they are Jester?‚Äù
AmongUsCompetitive,‚úÖüî• BEST AMONG US‚úÖ HACK PC ‚úÖNO BAN UNDETECTED‚úÖüî•1 JUNE 2021 üî• ALWAYS IMPOSTOR + RADAR! FREE DOWNLOAD!üî•
AmongUsCompetitive,Among us Hide and Seek Highlights | Part 7 #shorts
AmongUsCompetitive,Can modded among us be competitive
AmongUsCompetitive,"Disguised Toasts Final 20,000IQ Among Us Video"
AmongUsCompetitive,Sus
AmongUsCompetitive,The Math Behind Random Ejecting.
AmongUsCompetitive,Find an impostor early? The Math Behind Random Voting.
AmongUsCompetitive,"Clean Kill Between Two Crewmates (The trick here is if you double back on the door logs it only registers once in this situation you get a head start, call lights early and kill below the door log as seen in the video)"
AmongUsCompetitive,"Clean Kill Between Two Cremates (The trick here is if you double back on the door logs it only registers once in this situation you get a head start, call lights early and kill below the door log as seen in the video)"
AmongUsCompetitive,"Clean Kill Between Two Cremates (The trick here is if you double back on the door logs it only registers once in this situation you get a head start, call lights early and kill below the door log as seen in the video)"
AmongUsCompetitive,Clean Self Report Frame (Pink was sussed by Red in the previous round)
AmongUsCompetitive,Among us Hide and Seek Highlights Part 6 #shorts
AmongUsCompetitive,Matrix montage
AmongUsCompetitive,Among Us #La Comedia Sigue viva ¬øSera el ultimo episodio?
AmongUsCompetitive,Playing some modded proximity tonight join up!
AmongUsCompetitive,Among us us airship
AmongUsCompetitive,Among us Hide and Seek Highlights Part 6 #shorts
AmongUsCompetitive,AMONG US BUSHMAN PRANK üçÄ| SWEDES EDITION 2
AmongUsCompetitive,Among Us is available for free on the Epic Games store until 3rd June 2021
AmongUsCompetitive,If you could choose which new color should be added to among us
AmongUsCompetitive,Among Us - Gameplay - Part 2
AmongUsCompetitive,BOOM BOOM BOOOM
AmongUsCompetitive,Everyone is ejected
AmongUsCompetitive,When The Imposter Is Sus ‚îÇSCP-5167 (SCP Animation Exposed) ‚îÇAmong Us SCP!
AmongUsCompetitive,Is this a glitch or hack?
AmongUsCompetitive,Hey wanna play with me?
AmongUsCompetitive,Hitman's New Preventing Tech
AmongUsCompetitive,Why Trying to Sneak a Kill on Weapons is NOT A GOOD IDEA
AmongUsCompetitive,"why is europe region gone, I cant play on north america with 300ms ping"
AmongUsCompetitive,Join up we play AmongUs!
AmongUsCompetitive,Among us
AmongUsCompetitive,Why didn‚Äôt the skip glitch work this time?
AmongUsCompetitive,"This game is so nice, check it out!"
AmongUsCompetitive,Airship &amp; Quick Chat
AmongUsCompetitive,Why can't I type again??!
AmongUsCompetitive,WHEN THE PIG SOOO SUS ü§´ü§´ü§´ü§´ü§´
AmongUsCompetitive,Alternate version of Doorlogs made in a Scratch Project!
AmongUsCompetitive,Liberals sin
AmongUsCompetitive,What's the Most Sus Movement That People Do? (e.g. Double Backing into Storage)
AmongUsCompetitive,Here is a fun and Competitive game of Hide And Seek between me and my sister.
AmongUsCompetitive,Any strategy/tips to play as a crewmate in Airship?
AmongUsCompetitive,Plz tell me your game failure story!
AmongUsCompetitive,"AMONG US, but it‚Äôs GTA 5"
AmongUsCompetitive,Desmos for Calculating Walking Distance on Polus (and some updates):
AmongUsCompetitive,A puppet plays Among Us
AmongUsCompetitive,Bugs which break the game
AmongUsCompetitive,Which killing method do you use in Among Us? Please comment on this question.
AmongUsCompetitive,No one can beat these demons ;)
AmongUsCompetitive,Live Game
AmongUsCompetitive,A Student Among Us
AmongUsCompetitive,Why is the Among Us Competitive Discord unavailable?
AmongUsCompetitive,YouTube Kids be Like - Dancing Competition üíÉü§£ü§£
AmongUsCompetitive,Who's Faster?
AmongUsCompetitive,Playing the Medic - What does it Mean if the person you shielded Doesn‚Äôt Die? 5up explains.
AmongUsCompetitive,Did anyone ever buy something on this website? Among us plush
AmongUsCompetitive,Is timing download/scan a good strategy for catching imps faking tasks?
AmongUsCompetitive,Is the auc discord still a thing
AmongUsCompetitive,is there still an auc discord server link
AmongUsCompetitive,"To anyon who says that mods ""can't be competitive"", check out this Intense Meeting between 5up and Hafu... see if you can tell what all the roles are!"
AmongUsCompetitive,Hey all checkout this live streaming
AmongUsCompetitive,Jennykinski YEETING imposters with the IGN crew
AmongUsCompetitive,a german gamer
AmongUsCompetitive,"How Steve Was Able to Sus Out Ellum's Impostor Movements ""Double Backs"" (including lessons on how to Sheriff like the best, and desync issues to watch out for!)"
AmongUsCompetitive,Time and Distance Formula for Vouching and Accusing:
AmongUsCompetitive,"Do you think the ""Slow Updates"" has actually helped paradoxically increase Among Us's Lifespan (i.e. if Mods etc. were available from day one... maybe the game wouldn't have lasted so long?)"
AmongUsCompetitive,AMAAAAAAZING GAME!!!
AmongUsCompetitive,"MonkeyFucker292 Returns,"
AmongUsCompetitive,Story about one of my impostor plays a few months ago
AmongUsCompetitive,Smash Legends Gameplay (Alice) #8
AmongUsCompetitive,Among Us Tracker tool
AmongUsCompetitive,join official discord for among us
AmongUsCompetitive,Granny is competing agains among us
AmongUsCompetitive,Let's talk about HOW TO OPTIMISE Your Crew and Impsotor Winrate - is having a Sykkuno/Steve Approach actually the 'optimal' way of playing?
AmongUsCompetitive,Mass banning
AmongUsCompetitive,A funny gameplay I had. *a part of my video
AmongUsCompetitive,An Among Us-Funny Moments video I uploaded to my channel pls sub n like!
AmongUsCompetitive,An Impo gameplay I wanted to share with ya
AmongUsCompetitive,Let's talk crewmate 3 (with proper flair)
AmongUsCompetitive,Because of r/amongus subreddit shitty rules in putting this here
AmongUsCompetitive,How does he do this?
AmongUsCompetitive,Is this amingbing
AmongUsCompetitive,Where is the best hiding place to drag bodies as Undertaker?
AmongUsCompetitive,Multiplayer Game Among Us Confirms Arrival on PlayStation 4 and 5
AmongUsCompetitive,Among us Montages If U R HUMAN THEN CHECK HEREüëà
AmongUsCompetitive,"Why ""How to vouch"" hasn't never been taught."
AmongUsCompetitive,You can develop photos through the wall in the storage closet
AmongUsCompetitive,"You Can See People ""Behind"" the Weapons Room in Polus With Adequate Vision"
AmongUsCompetitive,Among us Montage Go and watch ‚ñ∂Ô∏èüòâ
AmongUsCompetitive,amo guus????!?!??!? 1?1/1
AmongUsCompetitive,when the impostor has bbc üò≥
AmongUsCompetitive,when the impostor has cheeks üò≥
AmongUsCompetitive,I'm trying to make a hafu/competitive lobby with public players on polus winner of polus i made what settings do i use for the best Hafu/competitive games/lobby
AmongUsCompetitive,How to Download MODDED AMONG US l TownOfUs-v2.0.2
AmongUsCompetitive,Best competitive map
AmongUsCompetitive,Let‚Äôs talk about the Assassin Role. And how it changes the meta. Makes double killing on 7 much better idea - as have multiple ways to win
AmongUsCompetitive,How To Draw Among Us Characters (Easy)
AmongUsCompetitive,Leon is SUS?
AmongUsCompetitive,Watch my among us stream.
AmongUsCompetitive,Among Us
AmongUsCompetitive,Mike Plays - Among Us - Episode #1 - Trolls aboard the ship
AmongUsCompetitive,Let's talk crewmate!
AmongUsCompetitive,Stop Posting About Among Us Remix üé∂
AmongUsCompetitive,New exploit found
AmongUsCompetitive,Among Us Impostor: We Squashed the Impostor with the Hydraulic Press
AmongUsCompetitive,Dead game.
AmongUsCompetitive,How to Vote in a Meeting on 6! (And NOT throw the game!)
AmongUsCompetitive,R7 UrlShort
AmongUsCompetitive,How to get Halloween hats back on iOS
AmongUsCompetitive,I found a very easy way to catch imposters in the Gap Room
AmongUsCompetitive,iPhone hacked through Among Us
AmongUsCompetitive,Man that was well played
AmongUsCompetitive,Question: Are we allowed to get people to join serious lobbies on this sub or is that just a big nope?
AmongUsCompetitive,"Not sure if this gets discussed, but even if people hate it, camping reactor in Mira HQ and killing there is definitely a solid strategy, two impostors or not. (Essentially a guide to Mira I guess)"
AmongUsCompetitive,A small trick with among us!!
AmongUsCompetitive,I am looking for an among us esports team
AmongUsCompetitive,Among us like games
AmongUsCompetitive,"100 Impostor Kills - Featuring tips on Double Kills, Kill spots and winning 50/50s"
AmongUsCompetitive,Please ad sex to amog us
AmongUsCompetitive,Let's talk crewmate!
AmongUsCompetitive,PSA: You can get both Empty Garbage and Empty Chute on Skeld
AmongUsCompetitive,What do you do when you want to kill a specific person in a moving crowd?
AmongUsCompetitive,Among us Airship Breaker task Gone wrong
AmongUsCompetitive,Is the Notification Centre meant to come down when I try to open the door?
AmongUsCompetitive,"Please CLOSE THE CHAT BEFORE THE MEETING ENDS, or you wouldn‚Äôt be able to move until the next meeting"
AmongUsCompetitive,"Ok,so I always seem to lose when there are 3 crewmates because they all seem to have an alibi."
AmongUsCompetitive,LOL
AmongUsCompetitive,Fastest ban in among us..world record
AmongUsCompetitive,AmongUs for dummies
AmongUsCompetitive,Is the Communications Sabotage underrated?
AmongUsCompetitive,such sussy imposter. me likey
AmongUsCompetitive,Among Us Troll Face For 10 Minutes
AmongUsCompetitive,Stop Posting About Among Us! But Slowed and reverbed üòÇü§£ü§£
AmongUsCompetitive,Milk Us Theme 2021 - Among Us song
AmongUsCompetitive,Ranking all of the security systems worst to best
AmongUsCompetitive,"Latest April Update - User Account Fix, and Comms Rework on Airship (Ghosts can't fix anymore, and now Impostors Can!)"
AmongUsCompetitive,I took a stroll in r/amongus
AmongUsCompetitive,Serious: admin map was nerfed?!
AmongUsCompetitive,"To get around the 5 second cooldown each Doorlog sensor has, I made a Scratch program to serve as an alternative! You just stand in the middle of the Y-Connector, and record player movements!"
AmongUsCompetitive,What are your views on airship now that it's been out?
AmongUsCompetitive,Small Tip to Catch Impostor Vision in Medbay
AmongUsCompetitive,Among Us In REAL LIFEüî™
AmongUsCompetitive,"Among us, mobile android. Won't let me chat"
AmongUsCompetitive,hiding spots in airship
AmongUsCompetitive,"Buffing ALL of the abilities (Security, Admin, Doorlogs, Vitals)"
AmongUsCompetitive,Chances of each area having a fix wiring task
AmongUsCompetitive,Is it just me or people are no longer playing MiraHQ or Polus? Everyone is either in Skeld or Airship.
AmongUsCompetitive,H20 DELIRIOUS AMONG US ANIMATION
AmongUsCompetitive,Among Us Imposter Interceptable Song 2
AmongUsCompetitive,"Hola!, √∫nanse por favor a la partida jkvoff, en latino am√©rica"
AmongUsCompetitive,Impostor Speedrunning - Tips + Tricks
AmongUsCompetitive,Can‚Äôt play on iPad
AmongUsCompetitive,Here are some useful among us strategies.
AmongUsCompetitive,"My trick on how if I get caught venting (unless they are on cams), I always get the crewmate out"
AmongUsCompetitive,Convincing Crew that they've already got an Impostor out
AmongUsCompetitive,among us
AmongUsCompetitive,Neymar Jr Playing Cs:Go/Among Us/Horror Game Best Funny/Scarry Moments ...
AmongUsCompetitive,Looking for serious 18+ players to join a server
AmongUsCompetitive,All airship task guide - complete
AmongUsCompetitive,Two Serious Players Looking For Consistent Group
AmongUsCompetitive,Develop Photos Optimization
AmongUsCompetitive,Please help my channel by subscring. Thanks
AmongUsCompetitive,(The Speed runner): Main Hall Task route for the Airship.
AmongUsCompetitive,Anyone else have this weird thing or just me?
AmongUsCompetitive,AMONG US #IQ1000 #RDCWORLD #üòÇ
AmongUsCompetitive,Airship hide and seek
AmongUsCompetitive,Task: Sort Records
AmongUsCompetitive,Hiding in vents is useless on the new map.
AmongUsCompetitive,1v7 Imposter Game - Recruiting a 3rd Imposter to Clutch up
AmongUsCompetitive,Did the kill flash when your partner makes a kill get patched out?
AmongUsCompetitive,Growup
AmongUsCompetitive,Getting caught red-handed on purpose?
AmongUsCompetitive,"Ever wondered why the Airship Toilet Doors behaved so weirdly? Well here is why - explaination of what ""Client Side"" means and how it affects gameplay."
AmongUsCompetitive,I can't use the old chat
AmongUsCompetitive,Ranking Sabotages.
AmongUsCompetitive,Game hacking
AmongUsCompetitive,The Airship Task Guide - walkthrough of all tasks on The Airship with some bonus tips and tricks
AmongUsCompetitive,The Airship Task Guide
AmongUsCompetitive,Airship Tasks
AmongUsCompetitive,Train Breaks down his 500IQ Kill on 5up - How he avoided Steve Getting the Report button by killing at the exact right moment
AmongUsCompetitive,Among Us Sounds on Piano
AmongUsCompetitive,it takes brains and also some talking to win this game.
AmongUsCompetitive,"Couldn't find a labelled Airship map, so I made my own"
AmongUsCompetitive,How good is Disguised Toast?
AmongUsCompetitive,Something i came up with gotten a few wins with it already in tight spots
AmongUsCompetitive,THE FLASH ~ AMONG US
AmongUsCompetitive,"If you are playing on airship and you can't seem to use card swipe, turn off VSync."
AmongUsCompetitive,Fix Wire Order on Airship Explained! (Catch impostors easily with these tips)
AmongUsCompetitive,An example of Dog s*** among us lobbies
AmongUsCompetitive,Super werid glitch
AmongUsCompetitive,Small little crew task tip
AmongUsCompetitive,The huge new Among Us map gives you more ways to be sneaky
AmongUsCompetitive,I was lost
AmongUsCompetitive,My frustrations right now
AmongUsCompetitive,My frustrations right now
AmongUsCompetitive,Did The New Map Save Among Us?
AmongUsCompetitive,Among us Rage Quit tip
AmongUsCompetitive,How to Unlock the Safe Every Time (aka ‚Äúvault‚Äù)
AmongUsCompetitive,Among Us But Everyone is Dumb..
AmongUsCompetitive,Airship impostor tip: Kill as soon as possible at the start of the game.
AmongUsCompetitive,Among us exe
AmongUsCompetitive,Common features of hackers' lobbies
AmongUsCompetitive,Won't let me sign in with Google play and chat in game
AmongUsCompetitive,The exact range of cameras on Airship and tips regarding them
AmongUsCompetitive,How my first day went playing the new Airship map...
AmongUsCompetitive,Killing and Framing fast - Leaves Crew with little info to work off of to make the critical vote on 6
AmongUsCompetitive,Where can I find a list of visual tasks within the airship map?
AmongUsCompetitive,Where can I find a list of visual tasks of the airship?
AmongUsCompetitive,Where can I find a list of visual tasks of the airship?
AmongUsCompetitive,My post
AmongUsCompetitive,I have created the newest Among Us airship map in my newest video! Let me know what you think of it
AmongUsCompetitive,Some of my Strategys:
AmongUsCompetitive,So.....
AmongUsCompetitive,What's the best map in Among Us?
AmongUsCompetitive,I made a super accurate cam visuals for the new map (+vents)
AmongUsCompetitive,"Warning, on final 6 or 5 as imp DONT CALL COMMS"
AmongUsCompetitive,Ranking the Maps least favorite to most favorite
AmongUsCompetitive,"Self Reporting on 5 is going to be Such a Strong Play on this New Airship Map. Since an ""Impostor would never do that"" - watch Sykunno get away with murder with this strat, leaving behind a frustrated Toast."
AmongUsCompetitive,This new map is the first impostor sided map
AmongUsCompetitive,New Strat in Airship
AmongUsCompetitive,This Could SAVE YOUR LIFE | Survival Tips 2021 in Among Us Animation ‚ú®üíØ
AmongUsCompetitive,Airship vent and sabotage locations map
AmongUsCompetitive,Catchall thread for Airship strategy and tactics?
AmongUsCompetitive,Fuck of weirdos
AmongUsCompetitive,Quick Tip for Uploading on the Airship Map
AmongUsCompetitive,Imposter Advice:
AmongUsCompetitive,All Airship lights panels are connected
AmongUsCompetitive,What has been your most proud kill on airship so far?
AmongUsCompetitive,The Vision Room
AmongUsCompetitive,Quick Look at the New Among Us Map
AmongUsCompetitive,Airship wires order
AmongUsCompetitive,Airship Doors Sabotage is a Card Swipe
AmongUsCompetitive,Airship Map Requires APM
AmongUsCompetitive,Airship Update Redirecting To Steam
AmongUsCompetitive,New map
AmongUsCompetitive,Free play is a valuable tool..
AmongUsCompetitive,WHEN THE IMPOSTER IS SUS‚ÅâÔ∏è‚ÅâÔ∏èüò±üò±
AmongUsCompetitive,The Chance of Randomly Being Right when Sussing Another Player.
AmongUsCompetitive,AIRSHIP DUMMIES!!!
AmongUsCompetitive,NEW UPDATE
AmongUsCompetitive,When doing Buy Beverage task on Mira HQ exit the task as soon as the drink hits the bottom of your screen to save a few seconds
AmongUsCompetitive,Sykkuno Vent Trolling Everyone in the lobby
AmongUsCompetitive,Sykkuno Vent Trolling Everyone in the lobby
AmongUsCompetitive,How to EASILY WIN on 4 as Impostor on Skeld (Almost Guaranteed)
AmongUsCompetitive,among us rap battle
AmongUsCompetitive,What sabotage is the most useful
AmongUsCompetitive,Discord
AmongUsCompetitive,Use their expectations against them
AmongUsCompetitive,Imposter Partner Clutches a 1v7
AmongUsCompetitive,What anti-meta strategies have you found successful?
AmongUsCompetitive,"Watch at 0:44, where Ellum says ""I'm at O2"". DumbDog knows he isn't there, and it's because DumbDog's only just taken a step into electrical. LESSON: When making an alibi, choose a place that's physically possible to get to."
AmongUsCompetitive,"If people leave the medbay facing cafe, there imp"
AmongUsCompetitive,How to Use Cams to sus out the Impostor - Before they get a Single Kill!
AmongUsCompetitive,How to Use Cams to Sus out an Impostor before they even do a single kill!
AmongUsCompetitive,Film Room Analysis: RayC Gets Voted Out as Impostor Without Making a Single Kill (How to NOT move sus and give away your impostor vision)
AmongUsCompetitive,Unable to Unlock Manifolds (repost because original on the main subreddit was removed)
AmongUsCompetitive,RayC Gets Bodied and Voted Out as Impostor - without killing a single person! (How to Not Accidentally give out your Impostor Vision)
AmongUsCompetitive,Imposter premeditated kills: Polus
AmongUsCompetitive,Unable to Unlock Manifolds
AmongUsCompetitive,Game organizing help
AmongUsCompetitive,(The Speedrunner) A very efficient task route for the Skeld - (Electrical start)
AmongUsCompetitive,"I posted this a LONG time ago (but it was only text) so to explain better, here's a video of the ""Decontamination Door"" exploit, most likely banned from competitive use do to player speed and etc... (unless sheriff mod is used, and even then it may still be banned) (Polus deco works the same way)."
AmongUsCompetitive,"Now that there are SHERIFF MOD TOURNAMENTS, lets talk some more Sheriff Strategies. What do people think of Steve's Play in this game: 1) Not staying still so he has advantage when killing &amp; 2) Baiting at Dropship"
AmongUsCompetitive,Banned because someone else didn't vote.
AmongUsCompetitive,"Hand and wrist exercises for gamers. Actually feels really good to do these things, gamer or not."
AmongUsCompetitive,How to Speed Run Win as Crewmate on Polus. (Using cams at the start - 5up master class)
AmongUsCompetitive,This last week in public lobbies...not what you expect.
AmongUsCompetitive,POLUS CHECKER SERIES #10 | All tasks in LABORATORY explained
AmongUsCompetitive,Polus wins!
AmongUsCompetitive,Live follow the steps
AmongUsCompetitive,How to SPEEDRUN Win as Crew on Polus (Monitoring cams from the start)
AmongUsCompetitive,POLUS CHECKER SERIES #9 | All tasks in DECONTAMINATION and SPECIMEN ROOM explained
AmongUsCompetitive,"I shouldn't have to say this, but please don't be racist in the chat"
AmongUsCompetitive,What do you like?
AmongUsCompetitive,Unrelated unrelatedUnrelated unrelatedUnrelated unrelatedUnrelated unrelated
AmongUsCompetitive,Suslet (Amogus Hamlet) this was a piece written by suspear
AmongUsCompetitive,POLUS CHECKER SERIES #8 | All tasks in OFFICE explained
AmongUsCompetitive,Looking for friendly people to join our Discord Server
AmongUsCompetitive,Live 150 subs then more 1234567891011121314151617181920
AmongUsCompetitive,Where can I find a sensible discord not run by kids
AmongUsCompetitive,"Here is a trick to finding the impostor, my friends."
AmongUsCompetitive,Is anyone else here not playing until they Fix The Visual Glitches/Bugs with a New Update? It's unplayable at the moment!
AmongUsCompetitive,"I won as Impostor against JellyPeanut! I can answer any questions of my tought process down below, tought I would share this here!"
AmongUsCompetitive,Is it possible for 2 (or more) players to share the same node task?
AmongUsCompetitive,POLUS CHECKER SERIES #7 | All tasks in WEAPONS explained
AmongUsCompetitive,WHEN RED ISNT SUS ANYMORE!!!!!!l!!!!! AND WHEN THERE IS A IMPOSTER AMONG US!!!!!!!!l!!!!!!
AmongUsCompetitive,virginity
AmongUsCompetitive,"I found this game that COPIED Among Us, its just, so funny"
AmongUsCompetitive,Text prompts don‚Äôt include dead crew so accusations mean nothing
AmongUsCompetitive,Here's 2 strats that help my 76% win ratio as imp and my 83% win ratio as crew
AmongUsCompetitive,Who Else Sometimes Fakes Being on Cams to Bait the Impostor?? (How Steve Catches 5up Redhanded)
AmongUsCompetitive,Pros and mainly CONS of Killing on Asteroids!! Why killing on Weapons isn‚Äôt always a good idea!
AmongUsCompetitive,amog us
AmongUsCompetitive,How do people finish medbay samples so fast?
AmongUsCompetitive,"New Update, New Bugs (mostly visual). But anyone have the one where their character just walks OFF THE SCREEN?"
AmongUsCompetitive,Tournament/ competitive games
AmongUsCompetitive,Tournaments? Hi I am looking for among us tournaments. Looking for prize pool or discord nitro
AmongUsCompetitive,Why you should NEVER VENT until your Kill Cooldown = 0 (or to escape the scene of a kill)
AmongUsCompetitive,"Why you should NEVER VENT until your Kill Cooldown = 0 (or to escape the scene of a kill) ft. 5up, Steve and Koji"
AmongUsCompetitive,.25 vision
AmongUsCompetitive,When it gets weird Among Us and our awesome Italian gets angry! &lt;3 - Magmolegand on Twitch
AmongUsCompetitive,"Hey! I wanted to upload this because I fell like my imp plays can be woth watching, I play ranked among us and I usually get imp wins that can help you guys out, right here on this video I specifically want to note how I play on 4, my imp buddy got voted but I play 4 perfectly, enjoy!"
AmongUsCompetitive,"""Competitive 3 Solo Impostor Mode"" is getting popular - What are some STRATEGIES for this game mode?"
AmongUsCompetitive,"""Competitive 3 Solo Impostor Mode"" is getting popular - What are some strategies for this game mode?"
AmongUsCompetitive,"Seeing more and more people playing ""Competitive 3 Solo Impostor Mod"" - What are some strategies for this game mode?"
AmongUsCompetitive,Another concept of territory (guide on good kill locations and where to put yourself as impostor)
AmongUsCompetitive,Worst Timing in Among Us ! LOL!
AmongUsCompetitive,among us later gubbins pleaes
AmongUsCompetitive,DON'T FORGET If Comms are Off During a Meeting (How to avoid ending up like Steve being bodied by Hafu!)
AmongUsCompetitive,Code meqijf
AmongUsCompetitive,Some Tips on How to Do the Simon Says Task Quickly
AmongUsCompetitive,EPIC FAILS AMONG US (SERIOUS WTF MOMENTS!!!)
AmongUsCompetitive,Killing in Spots Undetectable on Admin Table (DumbDog gets 3 kills in a row to clutch win 1 v 4)
AmongUsCompetitive,AMONG US FAILS (WTF MOMENTS ALERT!!!)
AmongUsCompetitive,Hey G*ys! I made an Amongussexual pride flag please rate it!
AmongUsCompetitive,"Has anyone come across the 2 players left - 1 impostor, 1 crew glitch before?"
AmongUsCompetitive,OKBUDDYAMOGUS
AmongUsCompetitive,Hafu Teaches How to Detect Impostors based on Sus Movement
AmongUsCompetitive,Does Admin Table Still Do the ‚ÄúFlicker‚Äù when Someone is Killed?
AmongUsCompetitive,I don‚Äôt want a dead grandma
AmongUsCompetitive,What are /r/AmongUsCompetitive's thoughts on 5up's upcoming new map - and how having a 2 level map with 1 way glass affect gameplay? Cool interactions?
AmongUsCompetitive,Among us Rank/competitive
AmongUsCompetitive,This is why its important to not misscount even 1 second
AmongUsCompetitive,Among us voice chat discord server
AmongUsCompetitive,Good kill? Or playing with Noobs? :D
AmongUsCompetitive,When the pronoun is sus!
AmongUsCompetitive,Amobg us funny moments
AmongUsCompetitive,"""ONLY"" ""CREW"" return to finish their task after a meeting"
AmongUsCompetitive,Collecting info
AmongUsCompetitive,Among us vs fall guys vs Minecraft | popularity in 2020
AmongUsCompetitive,Phenomena 2020: Among Us
AmongUsCompetitive,Among Us Stickers Very Easy
AmongUsCompetitive,Using the Rat's Gambit in Competitive Among Us (How Pre-running Onto Cams can Catch the Impostor)
AmongUsCompetitive,NEW HACKER
AmongUsCompetitive,The Worst Imposter Ever - Among Us | Funny Moments and Fails #13
AmongUsCompetitive,5up and Hafu KILL Each Other Simultaneously??!! Skip to 4:20 to hear 5up Explain how DESYNC Works and Who Gets Priority
AmongUsCompetitive,Bad timing funny moments among us
AmongUsCompetitive,What not to do if people think you are hacking and you're not.
AmongUsCompetitive,POLUS CHECKER SERIES #5 | All tasks in O2 explained
AmongUsCompetitive,Toast Pretending to be Jester - but AS THE IMPOSTOR - AUA Film Room Analysis
AmongUsCompetitive,POLUS CHECKER SERIES #4 | All tasks in O2 explained
AmongUsCompetitive,AMONG US
AmongUsCompetitive,Among us with randoms its too EASYYY
AmongUsCompetitive,"Toast and DumbDog Show How to EASILY WIN on 7 on SKELD: Double Kill, Doors, Sabotage, Guard then Profit!"
AmongUsCompetitive,"Toast and DumbDog Show How to EASILY WIN on 7 on SKELD: Double Kill, Doors, Sabotage, Guard then Profit!"
AmongUsCompetitive,"Do You Think AMONG US is 'dying' like Fall Guys or will it be an ""Evergreen Game"" like CSGO, Pokemon Go etc. and have a constant steady appeal?"
AmongUsCompetitive,POLUS CHECKER SERIES #3 | All tasks in STORAGE explained
AmongUsCompetitive,Toast Explains this Skeld STORAGE VISION TRICK (aka Glitch) to Catch Impostors Red Handed!
AmongUsCompetitive,Can you do two Nodes?
AmongUsCompetitive,Among Us Strobe: SEIZURE WARNING
AmongUsCompetitive,Among Us Tournament
AmongUsCompetitive,Help a gamer out
AmongUsCompetitive,Has anyone accidentally killed the wrong person before cause someone else was closer a split second before the KILL?
AmongUsCompetitive,POLUS CHECKER SERIES #2 | All tasks in ELECTRICAL explained
AmongUsCompetitive,"Now that they're being played in Hafu's morning lobbies, Can Jester Mode/Sheriff Mode be Competitive? VOD Analysis of DK's carrying as Sheriff killing both Impostors."
AmongUsCompetitive,Looking to people to play with in more structured setting.
AmongUsCompetitive,Trash can lookin real sussy! üò≥
AmongUsCompetitive,"Anyone find that ONLY CREW say ""Oh the body must have just died - I just saw them!"" - (cause impostors don't want to put themselves at the body)"
AmongUsCompetitive,HELP
AmongUsCompetitive,I AM GOING INSANE
AmongUsCompetitive,Catching impostors
AmongUsCompetitive,U can see the bottom of office door from the first specimen window on the left
AmongUsCompetitive,Sykkuno calls on Pain‚Äôs wisdom from Naruto Shippuden to.. End the Cycle??
AmongUsCompetitive,A simple way to improve your Impostor game.
AmongUsCompetitive,Out of curiosity and to start a conversation:
AmongUsCompetitive,What big brain crewmate moves have you done or seen?
AmongUsCompetitive,Please check inside the Polus Lights Cage BEFORE REPORTING!! (Ft Toast)
AmongUsCompetitive,Is it me or am I bugging out?
AmongUsCompetitive,How to Stop Getting Voted Off on Among Us
AmongUsCompetitive,Where could I find chat only discord lobbies
AmongUsCompetitive,3 new among us skin I made vote üó≥ put in the comments while you like that Among Us skin and I pick the best comment about the among us skin
AmongUsCompetitive,Among Us is not close to being solved and here's why you think it is
AmongUsCompetitive,Another Poll!!! What is your preferred way to play Among Us?
AmongUsCompetitive,AMONGUS!
AmongUsCompetitive,AMONGUS!
AmongUsCompetitive,Post title (required)
AmongUsCompetitive,Where do you draw the line between METAGAMING and TELLS?
AmongUsCompetitive,Just advice. Nothing else.
AmongUsCompetitive,Is this sub dying?
AmongUsCompetitive,Which crew vision do you prefer?
AmongUsCompetitive,Does anyone stand on Med Scan as impostor just to kill the person coming to Med Scan? Is this a legit strat? (Ft Hafu)
AmongUsCompetitive,POLUS CHECKER SERIES #1 | All tasks in DROPSHIP explained
AmongUsCompetitive,Zombies mod
AmongUsCompetitive,VOD Review - DK and Steve steamroll Hafu‚Äôs lobby and WIN IN THE FIRST ROUND!
AmongUsCompetitive,"Does anyone do Dropship Kills on Polus at the start? Seems like high risk, relatively low reward.. though often people don't remember who was last on dropship so it might work... Thoughts? (video as example)"
AmongUsCompetitive,Among Us Mod Menu 2021 üî• Among Us Custom Skins - Always Imposter - No Ki...
AmongUsCompetitive,Join us! https://youtube.com/channel/UC9tcoBnoX9-qZZ2n1-qfNqw
AmongUsCompetitive,‚ÄúReverse Rat‚Äôs Gambit‚Äù baiting venters to kill on Cams - Steve Catches 5up Red handed!
AmongUsCompetitive,Getting voted out
AmongUsCompetitive,The reasons mobile games are so addictive
AmongUsCompetitive,"The concept of territory. (Guide on Choke Points, Pink warding, and Body Stacking)"
AmongUsCompetitive,AmongUs is open on discord
AmongUsCompetitive,Hosting an Among Us tournament (with cash prizes)
AmongUsCompetitive,Among us - Title Theme
AmongUsCompetitive,Now this would be a cool game mode
AmongUsCompetitive,Tips on how to be a better impostor
AmongUsCompetitive,Trainwreckstv CATCHES DK having IMPOSTOR VISION - (Among Us Academy Film Room)
AmongUsCompetitive,when the pretender is mistrustful! üò≥üò≥
AmongUsCompetitive,Posing as an AFK Imposter
AmongUsCompetitive,Among Us Song -That‚Äôs Sus!
AmongUsCompetitive,How to use sabotages correctly
AmongUsCompetitive,How to play imp on Mira HQ?
AmongUsCompetitive,"VOD Analysis by Guest Hafu - ""HOW TO BE CREW AF"" (Great tips in Hafu's review of xChocobars impostor gameplay)"
AmongUsCompetitive,"If You realy want to get better as Detective, you should Watch this!"
AmongUsCompetitive,Twitch stream
AmongUsCompetitive,Twitch stream
AmongUsCompetitive,"Hi, Among Us is hard"
AmongUsCompetitive,Competitive?
AmongUsCompetitive,Aight impostors..don't be like the impostors in this video
AmongUsCompetitive,Steve and 5up Impostor Duo - Full VOD Analysis (plz don't kill the crewmate I'm marinating)
AmongUsCompetitive,Searching for a group of friends.
AmongUsCompetitive,Searching for a group of friends!
AmongUsCompetitive,ü§™ü§™ü§™ü§™ü§™
AmongUsCompetitive,Easy Win
AmongUsCompetitive,speedrun also subsribe https://www.youtube.com/channel/UCOwyXSXuTSlu_XT2LSgajEQ https://www.youtube.com/channel/UCOwyXSXuTSlu_XT2LSgajEQ https://www.youtube.com/channel/UCOwyXSXuTSlu_XT2LSgajEQ https://www.youtube.com/channel/UCOwyXSXuTSlu_XT2LSgajEQ
AmongUsCompetitive,Be like this.catch the impostors.theyll always do something dumb. Like what happens in this video. Subscribe.thank u
AmongUsCompetitive,Imposter partner gets caught... no problem
AmongUsCompetitive,"Craziest Desync Kill - Steve Kills DumbDog? What happens in this situation, cause Hafu ends up sussing Aipha for a kill he didn't do because of it!"
AmongUsCompetitive,Among Us *BUT* I'm Lil Baby
AmongUsCompetitive,7 Among Us Tips And Tricks To Make You A 1500 IQ Player
AmongUsCompetitive,Lady Dimitrescu As A Impostor (Among Us Meme)
AmongUsCompetitive,This is how you should kill in among us
AmongUsCompetitive,Among us exe
AmongUsCompetitive,AUA VOD Analysis - 5up Goes on a Killing Spree to Win the Game!
AmongUsCompetitive,I call this one the Lava Pool Method. Use this at your own risk. Quick way to find impostor (3rd)
AmongUsCompetitive,"Instead of Self Reporting on 5, What about BUTTONING ON 5 As Impostor for the Hard Clear? ft 5up"
AmongUsCompetitive,"Sykkuno - It's gotta be JANET, she stopped saying MEMES"
AmongUsCompetitive,5up REALIZING he is NOT MUTED
AmongUsCompetitive,Holen Sie sich alle Tricks f√ºr Among Us-Tricks and Tipps among us
AmongUsCompetitive,Tip on trading
AmongUsCompetitive,"I feel no pain, I feel no pleasure I only want to disappear So let me play this game for children And vanish into the atmosphere"
AmongUsCompetitive,"Hey guys, just uploaded a new video Among us sounds on piano + some cool combinations and rythms. Check it out! Also the subscribe button on my channel is lookin kinda sus....SMASH IT ON THE WAY OUT"
AmongUsCompetitive,Killed Whilst Mid-Report? Glitch that happens next (many people would be already aware/seen this before)
AmongUsCompetitive,Glitch - What Happens if You Die Just as You Report a Body (for those who weren't aware of this already)
AmongUsCompetitive,Sykkuno NOTICES Ludwig's COLOR CODE
AmongUsCompetitive,Dk: Goes ON A KILLING SPREE - Insta Caught
AmongUsCompetitive,What about the admin table?
AmongUsCompetitive,Drag &amp; Drop Map v0.2 (Game Helper)
AmongUsCompetitive,Best Among Us Game Settings to play with fun üòúüòâ
AmongUsCompetitive,"How to AVOID DESYNC - Explained by 5up, Dumbdog and Aipha (30th Among Us Academy Video)"
AmongUsCompetitive,#AmongUs
AmongUsCompetitive,Among Us : Imposter Kills all - tips and tricks
AmongUsCompetitive,Janet ENDS STREAM because of toxic chat | Hafu cheer up Janet
AmongUsCompetitive,Among Us Tik Tok Montage #1
AmongUsCompetitive,How to 'Bait Bodies' in DropShip on Polus (ft Toast)
AmongUsCompetitive,How to 'Bait Bodies' in DropShip on Polus (ft Toast)
AmongUsCompetitive,Is there a comprehensive guide/list of how long each task takes?
AmongUsCompetitive,Among-us my girlfriends was imposter ü§£ ü§£
AmongUsCompetitive,This guy has some amazing among us 3D animation!
AmongUsCompetitive,"Jester Mode End Game! How to Big Brain Like Toast, and also Counter Such Jester Strats (ft Hafu)"
AmongUsCompetitive,Disguised Toast is the craziest Jester of all time!
AmongUsCompetitive,How to Stop Dying First in Among Us
AmongUsCompetitive,HOW TO FIND THE IMPOSTOR WITH THE ADMIN MAP | Find Impostor | Among Us
AmongUsCompetitive,My Wires Guide :O
AmongUsCompetitive,How to Camp a Body on Polus Admin - Is the the Best Spot? (feat Toast)
AmongUsCompetitive,Among Us Funniest Clips #Badtiming
AmongUsCompetitive,Do you have games on your phone? Do you have games on your phone? Do you have games on your phone? Do you have games on your phone? Do you have games on your phone?
AmongUsCompetitive,HOW TO SOLVE ALL SABOTAGES | All SABOTAGES | Among Us
AmongUsCompetitive,Impostor Among Us
AmongUsCompetitive,Self Reporting A Double Kill - An Impostor Would NEVER Do that right?
AmongUsCompetitive,Impostor Big Brain Plays - Self Reporting Double Kills and Getting Cleared?
AmongUsCompetitive,Among us 2 is here üî•üî•üî•üî•
AmongUsCompetitive,Join the The Squa Discord Server! Type after the link
AmongUsCompetitive,Test
AmongUsCompetitive,YESSIR LETS GET IT
AmongUsCompetitive,Among us penis
AmongUsCompetitive,Im streaming now not that anyone cares buttttt...can you outsmart me? Hell no I‚Äôd like to see you try üòà
AmongUsCompetitive,Me when I see the imposter in competitive ranked among us‚ÅâÔ∏è‚ÅâÔ∏è looking a little sus‚ÄºÔ∏è‚ÄºÔ∏è
AmongUsCompetitive,What do you think happened?
AmongUsCompetitive,This will teach u how to get out of risky or dumb gameplays. I will make part two after this gets 30 upvotes. Analizing is everything.
AmongUsCompetitive,Among us Strategy (Skeld)
AmongUsCompetitive,Trolling the Entire AmongUsCompetitive Discord Lobby! How to Have Fun in the Sweaty Lobbies on Final 3
AmongUsCompetitive,HOW Did He WIN That Game
AmongUsCompetitive,Proximity Chat Installation Guide - Now Available on the Official r/AmongUsCompetitive Discord Too!
AmongUsCompetitive,TASK CHECKER SERIES #14 | All tasks in REACTOR explained
AmongUsCompetitive,TASK CHECKER SERIES #13 | All tasks in LOWER ENGINE explained
AmongUsCompetitive,5up's Lights Masterclass - How to ALWAYS WIN the Lights Battle on 5!
AmongUsCompetitive,TASK CHECKER SERIES #12 | All tasks in UPPER ENGINE explained
AmongUsCompetitive,People using the RAT's GAMBIT in lobbies this week? Here are good Impostor counterplays (ft 5up and Dumbdog)
AmongUsCompetitive,Anyone else notice people using the RAT's GAMBIT in lobbies this week? Here are good Impostor counterplays (ft 5up and Dumbdog)
AmongUsCompetitive,Has anybody else noticed this before?? The middle switch on the light panel is ALWAYS OFF!!
AmongUsCompetitive,Here's how the RNG works for which light switches are flicked off
AmongUsCompetitive,Sweaty Grid to improve meetings
AmongUsCompetitive,7 tips
AmongUsCompetitive,7 Among Us Tips And Tricks To Make You A 1500 IQ Player
AmongUsCompetitive,How to get best kill ever in Among Us | PSYCHO SIJA | #shorts
AmongUsCompetitive,"I got a pretty positive response here with my last one, so i figured i would post my 2nd! Here it is - my 2nd Among Us Game Review!"
AmongUsCompetitive,"Rat's Gambit - Strategy or Gimic? Prerunning to Cams on Polus for Info, to Catch Impostors Out (feat Steve, dakotaz, hafu)"
AmongUsCompetitive,TRICKING EVERYONE IN AMONG US
AmongUsCompetitive,Bad Timing - Among Us | PSYCHO SIJA
AmongUsCompetitive,Hello! I want to show you a super mod for Among Us!
AmongUsCompetitive,NEW AMONG US MAP INCOMING!!!
AmongUsCompetitive,Toast is a cheater
AmongUsCompetitive,TASK CHECKER SERIES #11 | All tasks in SECURITY explained
AmongUsCompetitive,TASK CHECKER SERIES #10 | All tasks in CAFETERIA explained
AmongUsCompetitive,Public lobby's with fast joining
AmongUsCompetitive,IMPOSTOR AMONG US-If anyone needs it hoodie.
AmongUsCompetitive,IMPOSTOR AMONG US
AmongUsCompetitive,Diversion Dance Songs | Among Us
AmongUsCompetitive,among us | cup song
AmongUsCompetitive,col sonds
AmongUsCompetitive,A Big List of Miscellaneous Tips
AmongUsCompetitive,among us with memes
AmongUsCompetitive,2nd Ward Spot on Skeld - How to Easily Catch Impostors VENTING in SECURITY and ELECTRICAL - Hidden as the Impostor Can't See You!
AmongUsCompetitive,New? Mira HQ Ghost Strat
AmongUsCompetitive,1st Ward Spot on Skeld to catch Impostors venting - Bottom left Cafe watching Med Bay
AmongUsCompetitive,Triple Killing in Electrical to Win on 7 (GIF) feat Toast
AmongUsCompetitive,"I like to lure people into medbay and close the door on them, where is your favorite place to kill?"
AmongUsCompetitive,"How to ""Triple Kill in Electrical"" on 7, and winning as Impostor (feat Toast) - full video in the reddit comments"
AmongUsCompetitive,TASK CHECKER SERIES #9 | All tasks in MEDBAY explained
AmongUsCompetitive,New Map Helper (Desktop only)
AmongUsCompetitive,Christmas.EXE an among us funny video
AmongUsCompetitive,Ghost Medscan Strat?
AmongUsCompetitive,It may not be that sus if too many people have the same task
AmongUsCompetitive,Whats better?
AmongUsCompetitive,"The Three Vitals on Polus - 1st, 2nd, and 3rd??? Video in comments with more details."
AmongUsCompetitive,CMV: Reactor is a strong as Lights on the Final 4 for Skeld:
AmongUsCompetitive,"As Impostor, don't be passive in the round after crew voted on 7 and the lights are off! You can easily win!"
AmongUsCompetitive,"A few hours ago I saw this to My feed, Can u give me suggestions about this?"
AmongUsCompetitive,My basic guide to playing competitive among us
AmongUsCompetitive,IMPOSTOR SERIES #3 | Let's Play | ALMOST CATCHED WHILE KILLING | Among Us
AmongUsCompetitive,"Film Room: Breaking Down Toast's ""Triple Kill"" in Electrical to Win on 7"
AmongUsCompetitive,CREATING AN AMONG US DISCORD GROUP
AmongUsCompetitive,CREATING AN AMONG US DISCORD GROUP
AmongUsCompetitive,IMPOSTOR SERIES #2 | Let's Play | PLAYING WITH ONLY FIVE PLAYERS | Among Us
AmongUsCompetitive,"r/AmongUsCompetitive Tournament! - This Saturday January 23rd, 2020 - Start at 12:01pm EST"
AmongUsCompetitive,"r/AmongUsCompetitive Tournament - This Saturday January 23rd, 2020 - Start at 12:01pm EST"
AmongUsCompetitive,Applies to navigation in Skeld
AmongUsCompetitive,Hafu Among Us Analysis - Head Hunting Queen
AmongUsCompetitive,This guy drew among us with carrot
AmongUsCompetitive,Hafu Among Us Analysis - The Head Hunting Queen
AmongUsCompetitive,How to Catch Impostors Venting Out of Medbay - Pink Warding and Why the Direction They Face Matters
AmongUsCompetitive,Waiting for in AMONG US - 10 HOURS
AmongUsCompetitive,TASK CHECKER SERIES #8 | All tasks in ELECTRICAL explained
AmongUsCompetitive,I uploaded my first Among Us Game Review! I had a lot of fun making it and i would love to hear some feedback! Let me know what you all think!
AmongUsCompetitive,Catch Impostors Venting - Top 3 Pinkwarding Spots on the SKELD
AmongUsCompetitive,Newbie question - how to create own game
AmongUsCompetitive,Green is Stopping the Impostor (ART)
AmongUsCompetitive,Shoot or Skip? A guide based on AUR meta
AmongUsCompetitive,I made this video where I tried to combine between an educational video and a funny video.
AmongUsCompetitive,Big brain thread
AmongUsCompetitive,Among Us Impostor Tier List - Yeti's Updated 'Competitive' Rankings - Compilation Video
AmongUsCompetitive,Among Us Red Guy
AmongUsCompetitive,Hiding spot on Mira
AmongUsCompetitive,among us DB down?
AmongUsCompetitive,New Impostor Strategies
AmongUsCompetitive,TASK CHECKER SERIES #7 | All tasks in STORAGE explained
AmongUsCompetitive,Among Us Collab
AmongUsCompetitive,Possible strategy for crew to survive on 6
AmongUsCompetitive,A New Glitch I Just Found
AmongUsCompetitive,Polus Possible Wire Permutations
AmongUsCompetitive,(Detective work) - Vouches and Pairings:
AmongUsCompetitive,How do I not get metagamed?
AmongUsCompetitive,Among us
AmongUsCompetitive,TASK CHECKER SERIES #6 | All tasks in COMMS explained
AmongUsCompetitive,TASK CHECKER SERIES #5 | All tasks in SHIELDS explained
AmongUsCompetitive,TASK CHECKER SERIES #4 | All tasks in NAVIGATION explained
AmongUsCompetitive,Is this a legit strat?
AmongUsCompetitive,I'm working on an among us death star map
AmongUsCompetitive,TASK CHECKER SERIES #3 | All tasks in 02 explained
AmongUsCompetitive,TASK CHECKER SERIES #2 | All tasks in WEAPONS explained
AmongUsCompetitive,Among Us
AmongUsCompetitive,TASK CHECKER SERIES #1 | All tasks in ADMIN explained
AmongUsCompetitive,I got strange bug
AmongUsCompetitive,how not Be bot on The game
AmongUsCompetitive,HUNTING IMPOSTERS in Among Us! Funny Moments
AmongUsCompetitive,End Game Sequel: 3 Common Crewmate Mistakes on Final 4 - letting Hafu Win on Polus (feat TwoTone)
AmongUsCompetitive,"Disguised Toast Among Us Analysis - Mouth Shut, Crew Ejected"
AmongUsCompetitive,When someone says they were in comms it doesn't mean that they were in security (comms not equal to cams)
AmongUsCompetitive,If Among Us Had Swipin Trouble... | Among Us Animation
AmongUsCompetitive,Intentional 7 player group kill viable?
AmongUsCompetitive,On Self-Reporting (Guide):
AmongUsCompetitive,Polus Task Probabilities (Memorize the charts)
AmongUsCompetitive,An impostor shirt???
AmongUsCompetitive,End Game: Final 4 on Polus ?Sabotaging Comms (Hafu Analysis) feat TwoTone
AmongUsCompetitive,End Game - Imposter Play on 4: Sabotaging Comms? - feat TwoTone
AmongUsCompetitive,Thoughts on 0.25 crew vision?
AmongUsCompetitive,"As a competitive player, do you think Among Us is ‚Äúdead‚Äù?"
AmongUsCompetitive,Cartoon Funny Compilation 2020 # Episode 5
AmongUsCompetitive,When the imposter is sus! üò≥
AmongUsCompetitive,Just your everyday game in among us.
AmongUsCompetitive,my little crewmate that snow how do you appreciate?
AmongUsCompetitive,"The Three Vitals on Polus - 1st, 2nd and 3rd?"
AmongUsCompetitive,For those who don't know how to see kills on admin
AmongUsCompetitive,What do I do if Im caught venting or killing
AmongUsCompetitive,Among Us But Getting Imposter Is 0.00000000000000000000000069%
AmongUsCompetitive,A question to the Among Us Competitive Community - When would you draw the line on trying 'Too hard' to win?
AmongUsCompetitive,Fact or Fiction? Body killed at buzzer/report drops at Imposters feet at table
AmongUsCompetitive,"Stop posting stuff about wires, everyone already knows the order on every map, and if you dont you can always just type wires in the search bar and ull find it."
AmongUsCompetitive,10 Second Emergency Cooldown?
AmongUsCompetitive,RED.EXE
AmongUsCompetitive,Is it ok to leave a game to win?
AmongUsCompetitive,This works for both Crew and Imp.
AmongUsCompetitive,Yo.
AmongUsCompetitive,"This accept diverted power task next to meeting table isn't a real task. There is no divert power task on Polus. If someone says they did divert power anywhere on Polus, they‚Äôre lying."
AmongUsCompetitive,My first game in AmongUsüíô
AmongUsCompetitive,How to use admin table!
AmongUsCompetitive,A quick note about toxicity
AmongUsCompetitive,Admin/Panel Switching - Get Your Kill Cooldown to Refresh Quicker
AmongUsCompetitive,Among Us But It's Thanos | Animated
AmongUsCompetitive,Perfect Timing! Funny moments &amp; Fails
AmongUsCompetitive,Yo yo yo
AmongUsCompetitive,Susphiroth
AmongUsCompetitive,Competitive text lobbies
AmongUsCompetitive,Creative AMONG US Ideas That Are At Another Level
AmongUsCompetitive,Among Us Discord Bot
AmongUsCompetitive,"How to beat admin campers and utilize walls effectively, as well as a couple other tips and tricks"
AmongUsCompetitive,"Using vitals on Polus allows more than simply identifying who's dead and when, it also allows you to see who was nearby each other. In case you didn't know, those that are near each other have similar heartbeats."
AmongUsCompetitive,Getting Every Kill as Impostor... 2 Games in a Row - Back to Back (The LeBron James of Among Us)
AmongUsCompetitive,"Security Cam Reads: How to Catch ""Imposter Vision Room Checks"""
AmongUsCompetitive,About Mira Doorlogs (Guide):
AmongUsCompetitive,Anyone have any ideas they can share on a ‚Äúcheck list‚Äù for crew mates on among us?
AmongUsCompetitive,Add a flair for Among Us VC Tips
AmongUsCompetitive,Discord Among Us Bot
AmongUsCompetitive,"Tip: When looking at cams, instead of constantly watchig it might be better to keep opening and closing them."
AmongUsCompetitive,in polus map
AmongUsCompetitive,The ‚ÄòAFK‚Äô Strategy
AmongUsCompetitive,"Just Sussin': an Among Us talk show about the game's tips, tricks, and strategy - Episode 1 Sabotages!"
AmongUsCompetitive,Is there a list of how long each task is?
AmongUsCompetitive,Rage quit : Among us : Imposter Rages!
AmongUsCompetitive,among us But Yeti clean up the victory win with 3000 IQ
AmongUsCompetitive,Sheriff (Vigilante) Mode - Ultimate Sheriff Kill and Mechanics Guide
AmongUsCompetitive,Can we still get the twitch mascot?
AmongUsCompetitive,Quick 2min Sheriff Mode Install Guide - New Competitive Mod
AmongUsCompetitive,Admin Is Really Useful
AmongUsCompetitive,When sus
AmongUsCompetitive,Bluetooth keyboard and mouse support for phone/tablet?
AmongUsCompetitive,Among Us Sexy Drawing Anime girl Style
AmongUsCompetitive,How do I get kills when everyone is stacked on vitals and admin (polus)
AmongUsCompetitive,Among Us but the Impostor turns to a WEREWOLF.. Insane Gameplay!!!
AmongUsCompetitive,How to be a good Crewmate...
AmongUsCompetitive,Among Us Gaming Space On Quora
AmongUsCompetitive,[ Question ] Are there any streamers/content creators who need fills?
AmongUsCompetitive,5 players vs 6 players
AmongUsCompetitive,"Common situation: you kill someone, you don't get too far away from the body when it is reported, people have alibis and are spread out, where do you say you were without being sus?"
AmongUsCompetitive,Would new roles work in this game?
AmongUsCompetitive,Among us Memes
AmongUsCompetitive,Long task questions
AmongUsCompetitive,Crewmate Tips?
AmongUsCompetitive,Question
AmongUsCompetitive,How to play better as impostor?
AmongUsCompetitive,Med Scan - Long or a Short Task?
AmongUsCompetitive,[SUBREDDIT] Can the mods change the color scheme? Its really hard to read light gray text on bright green background.
AmongUsCompetitive,Impostor Tip No. 237
AmongUsCompetitive,Looking for a discord group to play with
AmongUsCompetitive,Do Simon Says on Skeld from slightly above the normal position so you can see both Reactor vents
AmongUsCompetitive,"If I use a Crew as a bait for the impostor, I am doing metagaming stuff or other stuff that can't stay here?"
AmongUsCompetitive,How do I improve as an Among Us player?
AmongUsCompetitive,Real Talk: Can You Actually Fake Polus Medbay?
AmongUsCompetitive,Among Us - new server set up to play with friends and other people around the globe need people to join
AmongUsCompetitive,Among us Horror Story
AmongUsCompetitive,(Detective work) - The hardest way to hard clear:
AmongUsCompetitive,Why you should always discuss key positions when playing on polus
AmongUsCompetitive,What discord server do you guys play among us in?
AmongUsCompetitive,How do I improve as an Among Us player?
AmongUsCompetitive,Is this metagaming? Or it isn't?
AmongUsCompetitive,Would you've seen my body in Among Us?
AmongUsCompetitive,CORPSE Hidden.
AmongUsCompetitive,This don't always work
AmongUsCompetitive,A trap for the impostor
AmongUsCompetitive,1000 iq among us gameplay
AmongUsCompetitive,Among us competitive lobby (looking for people)
AmongUsCompetitive,"This is a really, really ADVANCED Skeld Kill Guide. Not for the faint of heart."
AmongUsCompetitive,imost√©
AmongUsCompetitive,Fatal Combo
AmongUsCompetitive,I love this site ‚ù§Ô∏è‚ù§Ô∏èüî•
AmongUsCompetitive,chart course + keys on Polus
AmongUsCompetitive,Among Us Funny Songprankü§£üëÄ
AmongUsCompetitive,Looking for content creators
AmongUsCompetitive,MAJOR Impostor Strategies I've never seen anyone else talk about...
AmongUsCompetitive,How Do I Cook A Crew Member?
AmongUsCompetitive,What should I do if I find a body that my imposter buddy has killed?
AmongUsCompetitive,The effect of a Time Limit on Among Us Games in Ranked.
AmongUsCompetitive,Does anyone know if there are any visual tasks on the upcoming airship map?
AmongUsCompetitive,–≠–¢–ê –ò–ì–†–ê –õ–£–ß–®–ï –≠–ú–û–ù–ì –ê–° | –õ–£–ß–®–ò–ï –ü–ê–†–û–î–ò–ò AMONG US –ù–ê –ê–ù–î–†–û–ò–î
AmongUsCompetitive,Faking Medbay Scan Walk | Among Us - Sina
AmongUsCompetitive,How do you do maranate a crew member
AmongUsCompetitive,Will My Body Be Found? Lol
AmongUsCompetitive,Sips Imposter Analysis - The Art of Delaying 50/50s
AmongUsCompetitive,Good idea
AmongUsCompetitive,Hey guys pls subscribe like view comment my channel its awesome among us and minecraft video..... thank youüòÄ
AmongUsCompetitive,Among Us Content Creator Group (Looking For Content Creators)
AmongUsCompetitive,What to do if your caught failing a double kill
AmongUsCompetitive,6 secrets in the reveal
AmongUsCompetitive,Voting on 7 tends to be safe in public lobbies
AmongUsCompetitive,How I applied some great impo tips to a match and won.
AmongUsCompetitive,Layer's make everything so much easier
AmongUsCompetitive,Streaming and recording group
AmongUsCompetitive,"I bet you never found this in ""freeplay"" mode of among us"
AmongUsCompetitive,"Weather Nodes on Polus are the same every time, so you can ask someone what weather node they did, and see if that checks out. Also, (next part not really competitive) Node_CA and Node_MLG are short tasks, while the others are long, so you can use this in lobbies that have no short/long tasks."
AmongUsCompetitive,Voting yourself?
AmongUsCompetitive,Cheating in among us using discord is the worst! Never do it!
AmongUsCompetitive,Among us: crewmate vs imposter. Who u prefer?
AmongUsCompetitive,Lock the doors behind you when sabotaging Reactor on 6 or 3 on Polus
AmongUsCompetitive,Among Us (Fan-art)
AmongUsCompetitive,"Mira HQ, but I divided everything such that each section correlates to their closest vent."
AmongUsCompetitive,"Tip: If taskbars are set to meetings, use it to your advantage, a good strat is to count who did frequent tasks like navigate on polus, fuel on mira and card on skeld and immediately call a meeting and see how many bars the taskbar moved."
AmongUsCompetitive,What do I do when my imposter partner initiates a bad double kill?
AmongUsCompetitive,AUC content creator team
AmongUsCompetitive,Killed Cyan But Sssssshhh
AmongUsCompetitive,Visualization of Among Us
AmongUsCompetitive,Settings
AmongUsCompetitive,How to Mess with the Lights - to Stop Crew from Calling an Emergency Meeting (on 5)
AmongUsCompetitive,Tip: crew do NOT actually have two shots on 6 when lights are out.
AmongUsCompetitive,Catastrophic Time Limit Idea
AmongUsCompetitive,Among us JoJo Anime version üëåguyz that's so cool
AmongUsCompetitive,Is there any counterplay to messing with the lights
AmongUsCompetitive,Help me make my 8 year old nephews day
AmongUsCompetitive,Survey of our Among Us game stats
AmongUsCompetitive,"Surprised to find some decent strategy on the main sub. It's a small thing, and many people probably know it already, but here you go."
AmongUsCompetitive,Skeld doors at the beginning of rounds: Some open questions
AmongUsCompetitive,Interesting skeld imp scenario I just won with
AmongUsCompetitive,Crew Advice - Spam the Report Button after a Meeting with 6 in order to Maximise your Win Chance
AmongUsCompetitive,how's purple looking boy's
AmongUsCompetitive,"how's purple looking,"
AmongUsCompetitive,Worst timing ever
AmongUsCompetitive,"Hi! I am working on a Research Chapter ""Doping as a barrier in universal acceptance of eSports"" and was hoping you could help me out by filling out this survey and spread it amongst your peers"
AmongUsCompetitive,Basetrade Imposter Analysis - Defending crew to vote out crew
AmongUsCompetitive,LegendsOnly Discord Group
AmongUsCompetitive,Marination strat as imp.
AmongUsCompetitive,An easy way to possibly catch an imposter
AmongUsCompetitive,I see imposters fail to do this all the time on Skeld
AmongUsCompetitive,"High Risk, High reward Admin camping position"
AmongUsCompetitive,"High Risk, High reward Admin camping position"
AmongUsCompetitive,Crew tips
AmongUsCompetitive,Among us but i use rap battle parody
AmongUsCompetitive,He is too clever ever among them
AmongUsCompetitive,Hello
AmongUsCompetitive,How To Win Among Us Without Moving
AmongUsCompetitive,Any use in playing 9th crewmate? Hyper long marination strats?
AmongUsCompetitive,Ultimate Guide to Using the Skeld Doors - credit: u/Kayeet0
AmongUsCompetitive,Ultimate Guide to Using teh Skeld Doors - Credit: u/0Kayeet0
AmongUsCompetitive,Stack kill || among us
AmongUsCompetitive,Masterfiend Imposter Analysis - Reading the Votes for a Tie
AmongUsCompetitive,"I made an Among Us tips and tricks video (mostly tips) that I think can help a lot of people. It's pretty short so if you want to improve your gameplay feel free to watch it. There is some self promotion in it, but you can skip through it if you want. Thank you for watching if you do!"
AmongUsCompetitive,how many people have medscan every round?
AmongUsCompetitive,but like why am i upside down? lol
AmongUsCompetitive,Does everyone else have this bug where you can't open the task map if you're walking in the top left direction?
AmongUsCompetitive,Please
AmongUsCompetitive,DumgDob Imposter Analysis - The Importance of Head Hunting Crewmates
AmongUsCompetitive,How did 5 up do this? Never seen this before.
AmongUsCompetitive,Task bar update strategy that guarantees a win if done right. Every single round (until Comms are broken of course).
AmongUsCompetitive,If you stand in this point you can see any imposters vent in medbay/eletrical without risking getting trapped in security
AmongUsCompetitive,AMONG US
AmongUsCompetitive,When imposter is sus
AmongUsCompetitive,0 Emergency meetings left
AmongUsCompetitive,50 Easy Among Us Tips That Will Make You a Pro Player Watch Live Streaming
AmongUsCompetitive,"Tip: If there is a lights out and you report the body, if the player count is at 6 with 2 impos, it's still safe to vote, as long as the emergency cooldown is lower than the kill cooldown."
AmongUsCompetitive,(Small but useful) You can do the 'Empty Garbage Task' aka trash task; immediately by holding down the bar before the trash drops (Works on any empty garbage task)
AmongUsCompetitive,When the imposter is sus
AmongUsCompetitive,I don't like the proximity chat (Toast lobby)
AmongUsCompetitive,"Just a Fun little video (You play better when you call yourself ""Hood Santa"") No for real though, 2 games in and I almost solved all of them compared to normal, just with the hood Santa title... Coincidence?"
AmongUsCompetitive,When the imposter is sus
AmongUsCompetitive,Dakotaz Imposter Analysis - Breaking Pairs to Confuse Detectives
AmongUsCompetitive,Dakotaz Imposter Analysis - Breaking Pairs to Confuse Detectives
AmongUsCompetitive,Which tasks are common tasks?
AmongUsCompetitive,Worst timing ever
AmongUsCompetitive,When the imposter is thick!
AmongUsCompetitive,"On Polus, the location of the weather nodes are the same every time, each node is the same every round. You can ask someone which node they did, and see if that matches up with the one you saw them do."
AmongUsCompetitive,You should almost always vote on 8 or 9
AmongUsCompetitive,The most sus color? We conducted surveys with the community to find out
AmongUsCompetitive,[Long] Some ideas on how to buff comms
AmongUsCompetitive,Among us_doctor role ?
AmongUsCompetitive,Fake Medbay Scan strat (Polus) and a beginner mistake that can get you caught round one
AmongUsCompetitive,What are some ways to use comms sabotage to your advantage as an impostor?
AmongUsCompetitive,GET AMONG US ON CHROMEBOOK|How to Get Among us on Chromebook/Chrome OS|P...
AmongUsCompetitive,AMONG US STRATEGIES
AmongUsCompetitive,Crewmate pushes me into the core of polus
AmongUsCompetitive,I've just been inundating this server with content
AmongUsCompetitive,Among Us Airpod case üòç Got them for free üòç
AmongUsCompetitive,Mod Application
AmongUsCompetitive,About the Skeld doors (guide):
AmongUsCompetitive,Among Us Kill Animation Marvel Characters
AmongUsCompetitive,Test
AmongUsCompetitive,Ludwig Imposter Gameplay Analysis
AmongUsCompetitive,AMONG US : FAMILY REUNION
AmongUsCompetitive,Among Us Epic Glitchy impostor gameplay (1 vs. 9)
AmongUsCompetitive,"MIRA HQ - What's the Order of Those Wires? Simple Counter Clockwise ""Spiral"""
AmongUsCompetitive,"Among us ""what"" meme"
AmongUsCompetitive,Thoughts on non-vc Lobbies w/ Competitive ruleset?
AmongUsCompetitive,I really need advice for being an Impostor[Polus Discord lobbies]
AmongUsCompetitive,S-Tier Trainwrecks Analysis - Tracking Crewmates With Doors
AmongUsCompetitive,Pushing back season 3
AmongUsCompetitive,BEST AND WORST IMPOSTOR PLAYS IN Among Us
AmongUsCompetitive,BEST IMPOSTOR STRATEGY IN ELECTRICAL - AMONG US
AmongUsCompetitive,So on mira you can pass by sensors then double back making it look like you left on the logs kind of a risky play I'd say
AmongUsCompetitive,Strategies that Almost Always work
AmongUsCompetitive,GET AMONG US ON CHROMEBOOK|How to play Among us on Chromebook/Chrome os
AmongUsCompetitive,My new among us youtube channel check it out XD :)
AmongUsCompetitive,"My among us Imposter Duo, Hope u enjoy it."
AmongUsCompetitive,Guide to voting in Among Us
AmongUsCompetitive,TIP: When your imp and need one kill to win but people are susing you say you have scan or something and then kill someone
AmongUsCompetitive,"Frames per Second and ""Inspect Sample"" interaction"
AmongUsCompetitive,I need help with skeld as an impostor
AmongUsCompetitive,How to draw among us characters in seconds.
AmongUsCompetitive,An analysis of S-Tier Hafu‚Äôs Imposter Gameplay
AmongUsCompetitive,Among us gameplay by greenwich
AmongUsCompetitive,sus???!!!!!!!!!!! vote him out he is the imposter!
AmongUsCompetitive,Among Us Creates World Record | Resources from Super Data
AmongUsCompetitive,impostor tips for vc games(beginner tips for vc games)
AmongUsCompetitive,THE 900 IQ Camera Imposter trick in Among
AmongUsCompetitive,Why I recommend Among Us notes
AmongUsCompetitive,Among Us Kill Animation But With Anime Finishers
AmongUsCompetitive,meet
AmongUsCompetitive,The perfect among us meme doesn't exis..
AmongUsCompetitive,Alibis and Vent Hopping
AmongUsCompetitive,Be strategic with your vents
AmongUsCompetitive,Playing with a Friend
AmongUsCompetitive,How to catch the imposter easily on Mira HQ
AmongUsCompetitive,Cartoon from me and my son especially for you))
AmongUsCompetitive,"Ghost impostors, don't call random sabotages when there's 4-5 people alive (rant)"
AmongUsCompetitive,Wrong choice
AmongUsCompetitive,Among Us Custom Stickers for Whatsapp
AmongUsCompetitive,What are all the possible spawn locations on airship and are the locations random?
AmongUsCompetitive,"White was exploiting and easily spotted me and my teammate impostor, my proof is that he vented 4 times"
AmongUsCompetitive,how low does crew vision have to be set so you can't form a semistack?
AmongUsCompetitive,Three people can never have the same download. If you see three people at one download someone is faking.
AmongUsCompetitive,"This is used for finding impostors faking tasks. Lots of short tasks are also qualified as long tasks, so the tasks you want to look at are the ones only in one section. These are for The Skeld and all info was gathered from Among Us Wiki."
AmongUsCompetitive,This accept diverted power task in reactor isn't a real task. If you see someone on it call a meeting and if you're impostor don't fake this task.
AmongUsCompetitive,I got the BUGHA Five Below GAMING Gear! (Review)
AmongUsCompetitive,Discord Nitro Giveaway!
AmongUsCompetitive,The Hidden Impostor - Among Us Animation
AmongUsCompetitive,How to do Medbay Samples like Dakotaz
AmongUsCompetitive,Sabotage exploit
AmongUsCompetitive,Beating the ‚Äúclear‚Äù meta
AmongUsCompetitive,Among Us Perfect Timing Animation
AmongUsCompetitive,Gifts üî•Just got mine shifted before Christmas!
AmongUsCompetitive,I used Mathematics as a strategy to catch one impostor. Youtube: marcowavy
AmongUsCompetitive,I used this strategy (without hacking as one would assume) and basically helped me find one impostor. Youtube: marcowavy
AmongUsCompetitive,So I found an exploit
AmongUsCompetitive,"So I found an exploit, not sure if this is already mainstream though"
AmongUsCompetitive,Cyan is sus!
AmongUsCompetitive,Beginner's guide to killing in among us
AmongUsCompetitive,My food break be like
AmongUsCompetitive,PSA for Impostors: You NEVER need to vote for yourself or your partner on 5!
AmongUsCompetitive,Among Us Funny Moments and Fails( With Memes) ü§£üòÇ
AmongUsCompetitive,üò≥
AmongUsCompetitive,Can we come to an agreement?
AmongUsCompetitive,Weird clip of the Airship! Help please.
AmongUsCompetitive,1 Imposter Voted Out Early Can the 2nd One Still Win?
AmongUsCompetitive,Any tips for dead impostor?
AmongUsCompetitive,Question
AmongUsCompetitive,A beginner's guide to dying in among us!
AmongUsCompetitive,Any feedback for a companion app that I have been working on for Among Us
AmongUsCompetitive,How to beat admin campers as imposter?
AmongUsCompetitive,Hello
AmongUsCompetitive,Unpopular Opinion: Hide and seek is boring and made for cheaters
AmongUsCompetitive,"Buff Comms, even if it has to be map specific. (Polus)"
AmongUsCompetitive,being cleard
AmongUsCompetitive,What's the best/easiest way to fake medbay scan
AmongUsCompetitive,Need opinions on this strategy
AmongUsCompetitive,How to catch the Impostor 101
AmongUsCompetitive,This never happen in random lobbies
AmongUsCompetitive,Another way to spot impostors in public games.
AmongUsCompetitive,Probably a useless question about The Airship
AmongUsCompetitive,"Anybody who liked Hafu and 5up playing on 0.25x vision today, contact me!"
AmongUsCompetitive,AMONG US BAD Timing ( Funny Moments) ü§£üòÇ
AmongUsCompetitive,Among Us
AmongUsCompetitive,Perfect timing | among us
AmongUsCompetitive,Competitive Prizes
AmongUsCompetitive,"Among Us, But With Ace attorney... this video took a month to make plz be nice"
AmongUsCompetitive,Creative + Fun Way to Kill crewmates (For games with 3 ppl left)
AmongUsCompetitive,Full Airship Map Reconstructed! [UPDATED]
AmongUsCompetitive,Sus
AmongUsCompetitive,Does anybody want to try playing some serious games on 0.25x vision?
AmongUsCompetitive,Sorting players?
AmongUsCompetitive,Why is among us competitive?
AmongUsCompetitive,Airship Wiring Path
AmongUsCompetitive,Saddest sub I've ever seen.
AmongUsCompetitive,How to win with 4 players left on Skeld (desperate mouse clicking sounds included)
AmongUsCompetitive,I can‚Äôt see the blink on admin table
AmongUsCompetitive,"Mapped Polus (Vents are color coded, tasks are yellow, emergency tasks are '!' and interactables are purple-ish)"
AmongUsCompetitive,"This may be a good imposter strategy, but it‚Äôs a bit risky. Let me know what you think!"
AmongUsCompetitive,Full Airship Map Reconstructed!
AmongUsCompetitive,When the
AmongUsCompetitive,when
AmongUsCompetitive,This among us flipbook is awesome
AmongUsCompetitive,How would a crewmate get out of a false self-report accusation?
AmongUsCompetitive,Pro league strats
